quadrimestre,turma,turno,campus,matriz,docente_id,periodo_ideal,n_A,n_B,n_C,n_D,n_F,n_O,n_incompleto,n_sem_conceito,n_avaliados,n_aprovados,n_reprovados,taxa_reprov
2009.3,,diurno,,pre-2015,,1,0,14,8,0,7,0,0,0,29,22,7,0.2413793103448276
2009.3,,diurno,,pre-2015,,1,1,18,4,0,6,0,0,0,29,23,6,0.20689655172413793
2009.3,,diurno,,pre-2015,,1,0,9,6,0,13,0,0,0,28,15,13,0.4642857142857143
2009.3,,diurno,,pre-2015,,1,0,5,10,0,15,0,0,0,30,15,15,0.5
2009.3,,diurno,,pre-2015,,1,1,8,12,2,6,0,0,0,29,23,6,0.20689655172413793
2009.3,,diurno,,pre-2015,,1,2,5,3,3,15,0,0,0,28,13,15,0.5357142857142857
2009.3,,diurno,,pre-2015,,1,0,3,8,7,8,0,0,0,26,18,8,0.3076923076923077
2009.3,,diurno,,pre-2015,,1,0,2,4,9,10,0,0,0,25,15,10,0.4
2009.3,,diurno,,pre-2015,,1,1,2,6,14,6,0,0,0,29,23,6,0.20689655172413793
2009.3,,diurno,,pre-2015,,1,3,9,13,2,1,0,0,0,28,27,1,0.03571428571428571
2009.3,,diurno,,pre-2015,,1,3,7,10,5,3,0,0,0,28,25,3,0.10714285714285714
2009.3,,diurno,,pre-2015,,1,4,8,11,6,0,0,0,0,29,29,0,0.0
2009.3,,diurno,,pre-2015,,1,2,17,8,0,4,0,0,0,31,27,4,0.12903225806451613
2009.3,,diurno,,pre-2015,,1,1,3,7,0,12,0,0,0,23,11,12,0.5217391304347826
2009.3,,diurno,,pre-2015,,1,4,4,8,0,5,0,0,1,21,16,5,0.23809523809523808
2009.3,,diurno,,pre-2015,,1,5,2,10,0,8,0,0,0,25,17,8,0.32
2009.3,,diurno,,pre-2015,,1,4,8,10,6,2,0,0,0,30,28,2,0.06666666666666667
2009.3,,diurno,,pre-2015,,1,3,9,15,2,1,0,0,0,30,29,1,0.03333333333333333
2009.3,,diurno,,pre-2015,,1,2,8,8,4,6,0,0,0,28,22,6,0.21428571428571427
2009.3,,diurno,,pre-2015,,1,4,2,10,8,3,1,0,0,28,24,4,0.14285714285714285
2009.3,,diurno,,pre-2015,,1,2,6,15,3,2,1,0,0,29,26,3,0.10344827586206896
2009.3,,diurno,,pre-2015,,1,1,4,9,8,4,1,0,0,27,22,5,0.18518518518518517
2009.3,,diurno,,pre-2015,,1,0,10,12,0,8,0,0,0,30,22,8,0.26666666666666666
2009.3,,noturno,,pre-2015,,1,4,5,6,1,3,0,0,0,19,16,3,0.15789473684210525
2009.3,,noturno,,pre-2015,,1,2,1,4,2,7,4,0,0,20,9,11,0.55
2009.3,,noturno,,pre-2015,,1,4,3,8,1,8,0,0,0,24,16,8,0.3333333333333333
2009.3,,noturno,,pre-2015,,1,6,4,1,0,2,0,1,0,13,11,2,0.15384615384615385
2009.3,,noturno,,pre-2015,,1,3,5,2,2,3,0,0,0,15,12,3,0.2
2009.3,,noturno,,pre-2015,,1,3,5,5,1,3,0,0,0,17,14,3,0.17647058823529413
2009.3,,noturno,,pre-2015,,1,5,7,4,2,3,0,0,0,21,18,3,0.14285714285714285
2009.3,,noturno,,pre-2015,,1,2,3,3,2,7,0,0,0,17,10,7,0.4117647058823529
2009.3,,noturno,,pre-2015,,1,3,5,7,0,5,0,0,0,20,15,5,0.25
2009.3,,noturno,,pre-2015,,1,1,5,8,1,6,0,0,0,21,15,6,0.2857142857142857
2009.3,,noturno,,pre-2015,,1,1,5,9,2,6,0,0,0,23,17,6,0.2608695652173913
2010.1,,diurno,,pre-2015,,0,5,10,7,1,3,2,0,0,28,23,5,0.17857142857142858
2010.1,,diurno,,pre-2015,,0,3,9,8,1,1,3,0,0,25,21,4,0.16
2010.1,,noturno,,pre-2015,,0,2,9,3,0,12,0,0,0,26,14,12,0.46153846153846156
2010.1,,noturno,,pre-2015,,0,3,3,10,0,10,0,0,0,26,16,10,0.38461538461538464
2010.2,,diurno,,pre-2015,,1,1,11,9,3,3,0,0,0,27,24,3,0.1111111111111111
2010.2,,diurno,,pre-2015,,1,2,7,6,7,6,0,0,0,28,22,6,0.21428571428571427
2010.2,,diurno,,pre-2015,,1,3,4,1,8,8,0,0,0,24,16,8,0.3333333333333333
2010.2,,diurno,,pre-2015,,1,3,4,7,2,7,2,0,0,25,16,9,0.36
2010.2,,diurno,,pre-2015,,1,2,2,2,1,10,0,0,0,17,7,10,0.5882352941176471
2010.2,,diurno,,pre-2015,,1,0,4,4,2,14,2,0,0,26,10,16,0.6153846153846154
2010.2,,noturno,,pre-2015,,1,1,6,5,3,8,3,0,0,26,15,11,0.4230769230769231
2010.2,,noturno,,pre-2015,,1,4,11,1,1,4,3,0,0,24,17,7,0.2916666666666667
2010.2,,noturno,,pre-2015,,1,2,5,2,3,3,5,0,0,20,12,8,0.4
2011.1,,diurno,SA,pre-2015,,1,2,3,6,2,14,0,0,0,27,13,14,0.5185185185185185
2011.1,,diurno,SA,pre-2015,,1,5,5,4,1,12,0,0,0,27,15,12,0.4444444444444444
2011.1,,diurno,SBC,pre-2015,,1,1,6,3,2,11,0,0,0,23,12,11,0.4782608695652174
2011.1,,diurno,SA,pre-2015,,1,4,4,2,2,7,4,0,0,23,12,11,0.4782608695652174
2011.1,,diurno,SBC,pre-2015,,1,9,9,3,2,5,0,0,0,28,23,5,0.17857142857142858
2011.1,,diurno,SA,pre-2015,,1,5,13,9,0,1,0,0,0,28,27,1,0.03571428571428571
2011.1,,diurno,SA,pre-2015,,1,3,11,6,4,1,0,0,0,25,24,1,0.04
2011.1,,diurno,SBC,pre-2015,,1,3,6,10,0,0,0,1,0,19,19,0,0.0
2011.1,,diurno,SA,pre-2015,,1,11,3,6,5,2,2,0,0,29,25,4,0.13793103448275862
2011.1,,diurno,SA,pre-2015,,1,0,3,7,5,1,0,6,0,16,15,1,0.0625
2011.1,,diurno,SA,pre-2015,,1,6,5,11,0,4,0,0,0,26,22,4,0.15384615384615385
2011.1,,diurno,SA,pre-2015,,1,1,5,7,6,5,4,0,0,28,19,9,0.32142857142857145
2011.1,,diurno,SA,pre-2015,,1,2,4,2,0,15,0,0,0,23,8,15,0.6521739130434783
2011.1,,diurno,SA,pre-2015,,1,6,8,8,1,3,2,0,0,28,23,5,0.17857142857142858
2011.1,,diurno,SA,pre-2015,,1,10,7,3,5,3,2,0,0,30,25,5,0.16666666666666666
2011.1,,diurno,SA,pre-2015,,1,10,8,8,0,1,0,0,0,27,26,1,0.037037037037037035
2011.1,,diurno,SA,pre-2015,,1,7,14,7,1,0,0,0,0,29,29,0,0.0
2011.1,,diurno,SA,pre-2015,,1,1,4,5,0,16,0,0,0,26,10,16,0.6153846153846154
2011.1,,diurno,SA,pre-2015,,1,3,5,4,2,12,0,0,0,26,14,12,0.46153846153846156
2011.1,,diurno,SA,pre-2015,,1,7,7,8,1,2,0,0,0,25,23,2,0.08
2011.1,,diurno,SA,pre-2015,,1,7,10,5,3,0,0,0,0,25,25,0,0.0
2011.1,,diurno,SA,pre-2015,,1,4,7,9,0,3,1,0,0,24,20,4,0.16666666666666666
2011.1,,diurno,SA,pre-2015,,1,6,7,4,7,1,2,0,0,27,24,3,0.1111111111111111
2011.1,,diurno,SA,pre-2015,,1,17,6,4,1,0,0,0,0,28,28,0,0.0
2011.1,,noturno,SA,pre-2015,,1,4,4,8,1,12,0,0,0,29,17,12,0.41379310344827586
2011.1,,noturno,SA,pre-2015,,1,0,5,10,0,7,2,0,0,24,15,9,0.375
2011.1,,noturno,SBC,pre-2015,,1,5,6,0,0,4,2,0,0,17,11,6,0.35294117647058826
2011.1,,noturno,SA,pre-2015,,1,1,3,3,2,14,0,0,0,23,9,14,0.6086956521739131
2011.1,,noturno,SA,pre-2015,,1,2,3,2,0,18,0,0,0,25,7,18,0.72
2011.1,,noturno,SBC,pre-2015,,1,8,5,2,0,0,0,0,0,15,15,0,0.0
2011.1,,noturno,SA,pre-2015,,1,4,7,9,1,5,2,0,0,28,21,7,0.25
2011.1,,noturno,SBC,pre-2015,,1,8,5,6,0,4,4,0,0,27,19,8,0.2962962962962963
2011.1,,noturno,SA,pre-2015,,1,3,5,10,2,4,3,0,0,27,20,7,0.25925925925925924
2011.1,,noturno,SA,pre-2015,,1,9,11,4,0,4,0,0,0,28,24,4,0.14285714285714285
2011.1,,noturno,SA,pre-2015,,1,8,4,8,4,4,0,0,0,28,24,4,0.14285714285714285
2011.1,,noturno,SA,pre-2015,,1,5,8,3,2,8,0,0,0,26,18,8,0.3076923076923077
2011.1,,noturno,SA,pre-2015,,1,6,6,7,2,2,1,0,0,24,21,3,0.125
2011.1,,noturno,SA,pre-2015,,1,4,7,10,0,1,4,0,0,26,21,5,0.19230769230769232
2011.1,,noturno,SA,pre-2015,,1,0,5,7,6,2,3,0,0,23,18,5,0.21739130434782608
2011.1,,noturno,SA,pre-2015,,1,5,5,3,1,9,0,3,0,23,14,9,0.391304347826087
2011.1,,noturno,SA,pre-2015,,1,1,11,8,0,3,0,0,0,23,20,3,0.13043478260869565
2011.1,,noturno,SA,pre-2015,,1,4,2,2,0,15,0,0,0,23,8,15,0.6521739130434783
2011.1,,noturno,SA,pre-2015,,1,1,1,1,0,21,0,0,0,24,3,21,0.875
2011.1,,noturno,SA,pre-2015,,1,1,14,9,0,0,3,0,0,27,24,3,0.1111111111111111
2011.1,,noturno,SA,pre-2015,,1,2,14,5,0,0,4,0,0,25,21,4,0.16
2011.1,,noturno,SA,pre-2015,,1,2,6,6,0,4,7,0,0,25,14,11,0.44
2011.1,,noturno,SA,pre-2015,,1,2,5,6,3,2,6,0,0,24,16,8,0.3333333333333333
2011.3,,diurno,SA,pre-2015,,0,1,6,4,4,6,6,0,0,27,15,12,0.4444444444444444
2011.3,,diurno,SA,pre-2015,,0,3,13,3,0,5,3,0,0,27,19,8,0.2962962962962963
2011.3,,diurno,SA,pre-2015,,0,4,11,4,0,0,0,9,0,19,19,0,0.0
2011.3,,diurno,SA,pre-2015,,0,2,6,5,5,5,6,0,0,29,18,11,0.3793103448275862
2011.3,,diurno,SA,pre-2015,,0,1,10,7,0,8,0,0,0,26,18,8,0.3076923076923077
2011.3,,diurno,SA,pre-2015,,0,5,5,7,2,4,2,0,0,25,19,6,0.24
2011.3,,diurno,SA,pre-2015,,0,2,6,4,1,9,0,0,0,22,13,9,0.4090909090909091
2011.3,,noturno,SA,pre-2015,,0,3,3,6,1,8,0,2,0,21,13,8,0.38095238095238093
2011.3,,noturno,SA,pre-2015,,0,4,3,4,2,8,0,4,0,21,13,8,0.38095238095238093
2011.3,,noturno,SA,pre-2015,,0,2,3,0,0,9,0,0,0,14,5,9,0.6428571428571429
2011.3,,noturno,SA,pre-2015,,0,0,3,1,1,8,0,0,0,13,5,8,0.6153846153846154
2012.1,,diurno,SA,pre-2015,,1,14,3,3,2,3,6,0,0,31,22,9,0.2903225806451613
2012.1,,diurno,SA,pre-2015,,1,13,6,4,0,4,1,0,0,28,23,5,0.17857142857142858
2012.1,,diurno,SA,pre-2015,,1,17,7,2,2,2,0,0,0,30,28,2,0.06666666666666667
2012.1,,diurno,SBC,pre-2015,,1,3,6,2,2,5,0,0,0,18,13,5,0.2777777777777778
2012.1,,diurno,SA,pre-2015,,1,9,5,7,2,4,0,0,0,27,23,4,0.14814814814814814
2012.1,,diurno,SA,pre-2015,,1,6,9,5,0,3,3,0,0,26,20,6,0.23076923076923078
2012.1,,diurno,SA,pre-2015,,1,8,9,4,1,4,1,0,0,27,22,5,0.18518518518518517
2012.1,,diurno,SBC,pre-2015,,1,1,12,4,1,3,0,0,0,21,18,3,0.14285714285714285
2012.1,,diurno,SA,pre-2015,,1,4,4,3,4,12,1,0,0,28,15,13,0.4642857142857143
2012.1,,diurno,SA,pre-2015,,1,3,6,5,3,6,2,0,0,25,17,8,0.32
2012.1,,diurno,SA,pre-2015,,1,6,6,7,0,6,0,0,0,25,19,6,0.24
2012.1,,diurno,SBC,pre-2015,,1,5,10,2,0,5,0,0,0,22,17,5,0.22727272727272727
2012.1,,diurno,SA,pre-2015,,1,10,4,1,0,11,0,0,0,26,15,11,0.4230769230769231
2012.1,,diurno,SA,pre-2015,,1,7,12,2,0,9,1,0,1,31,21,10,0.3225806451612903
2012.1,,diurno,SA,pre-2015,,1,9,3,3,4,5,0,0,0,24,19,5,0.20833333333333334
2012.1,,diurno,SA,pre-2015,,1,5,5,4,4,9,0,0,0,27,18,9,0.3333333333333333
2012.1,,diurno,SA,pre-2015,,1,9,9,3,1,7,0,0,0,29,22,7,0.2413793103448276
2012.1,,diurno,SA,pre-2015,,1,6,2,4,2,14,0,0,0,28,14,14,0.5
2012.1,,diurno,SA,pre-2015,,1,2,4,8,0,7,0,0,0,21,14,7,0.3333333333333333
2012.1,,diurno,SA,pre-2015,,1,1,4,6,7,3,2,0,0,23,18,5,0.21739130434782608
2012.1,,diurno,SA,pre-2015,,1,2,3,3,4,7,0,0,0,19,12,7,0.3684210526315789
2012.1,,noturno,SA,pre-2015,,1,11,4,8,2,5,0,0,0,30,25,5,0.16666666666666666
2012.1,,noturno,SA,pre-2015,,1,6,7,8,1,6,0,0,0,28,22,6,0.21428571428571427
2012.1,,noturno,SA,pre-2015,,1,2,6,9,1,11,0,0,0,29,18,11,0.3793103448275862
2012.1,,noturno,SBC,pre-2015,,1,6,6,5,3,8,1,0,0,29,20,9,0.3103448275862069
2012.1,,noturno,SA,pre-2015,,1,2,3,8,0,15,0,0,0,28,13,15,0.5357142857142857
2012.1,,noturno,SA,pre-2015,,1,1,14,7,1,3,0,0,0,26,23,3,0.11538461538461539
2012.1,,noturno,SA,pre-2015,,1,3,7,8,0,7,3,0,0,28,18,10,0.35714285714285715
2012.1,,noturno,SBC,pre-2015,,1,5,6,8,0,8,1,0,0,28,19,9,0.32142857142857145
2012.1,,noturno,SA,pre-2015,,1,1,11,9,0,6,0,0,0,27,21,6,0.2222222222222222
2012.1,,noturno,SA,pre-2015,,1,1,9,2,3,11,1,0,0,27,15,12,0.4444444444444444
2012.1,,noturno,SA,pre-2015,,1,0,3,10,4,13,0,0,0,30,17,13,0.43333333333333335
2012.1,,noturno,SBC,pre-2015,,1,3,4,8,0,9,2,0,0,26,15,11,0.4230769230769231
2012.1,,noturno,SA,pre-2015,,1,2,5,10,4,8,0,0,0,29,21,8,0.27586206896551724
2012.1,,noturno,SA,pre-2015,,1,2,4,5,4,9,0,0,0,24,15,9,0.375
2012.1,,noturno,SA,pre-2015,,1,2,6,5,1,15,0,0,0,29,14,15,0.5172413793103449
2012.1,,noturno,SA,pre-2015,,1,2,4,6,3,14,0,0,0,29,15,14,0.4827586206896552
2012.1,,noturno,SA,pre-2015,,1,5,10,8,3,5,0,0,0,31,26,5,0.16129032258064516
2012.1,,noturno,SA,pre-2015,,1,3,7,5,2,10,0,0,0,27,17,10,0.37037037037037035
2012.1,,noturno,SA,pre-2015,,1,9,6,4,0,6,0,0,0,25,19,6,0.24
2012.1,,noturno,SA,pre-2015,,1,5,8,0,1,11,0,0,0,25,14,11,0.44
2012.1,,noturno,SA,pre-2015,,1,4,5,2,2,17,0,0,0,30,13,17,0.5666666666666667
2012.1,,noturno,SA,pre-2015,,1,1,8,6,6,4,3,0,0,28,21,7,0.25
2012.1,,noturno,SA,pre-2015,,1,2,6,9,3,4,2,0,0,26,20,6,0.23076923076923078
2012.1,,noturno,SA,pre-2015,,1,4,9,7,4,3,1,0,0,28,24,4,0.14285714285714285
2012.3,,diurno,SA,pre-2015,,0,1,0,2,1,2,10,0,0,16,4,12,0.75
2012.3,,diurno,SA,pre-2015,,0,1,2,0,0,5,11,0,0,19,3,16,0.8421052631578947
2012.3,,diurno,SA,pre-2015,,0,0,3,3,2,6,7,0,0,21,8,13,0.6190476190476191
2012.3,,diurno,SBC,pre-2015,,0,0,8,5,0,1,3,0,0,17,13,4,0.23529411764705882
2012.3,,noturno,SA,pre-2015,,0,0,1,2,1,4,11,0,0,19,4,15,0.7894736842105263
2012.3,,noturno,SA,pre-2015,,0,0,0,3,1,6,9,0,0,19,4,15,0.7894736842105263
2012.3,,noturno,SA,pre-2015,,0,0,3,0,1,10,5,0,0,19,4,15,0.7894736842105263
2012.3,,noturno,SA,pre-2015,,0,0,4,6,1,10,2,0,0,23,11,12,0.5217391304347826
2012.3,,noturno,SA,pre-2015,,0,3,5,4,1,10,0,0,0,23,13,10,0.43478260869565216
2012.3,,noturno,SA,pre-2015,,0,0,13,1,2,11,0,0,0,27,16,11,0.4074074074074074
2012.3,,noturno,SBC,pre-2015,,0,1,4,4,0,1,0,0,4,10,9,1,0.1
2013.1,,diurno,SA,pre-2015,,1,16,8,3,0,2,0,0,0,29,27,2,0.06896551724137931
2013.1,,diurno,SBC,pre-2015,,1,3,5,6,5,3,2,0,0,24,19,5,0.20833333333333334
2013.1,,diurno,SA,pre-2015,,1,10,11,4,0,4,0,0,0,29,25,4,0.13793103448275862
2013.1,,diurno,SA,pre-2015,,1,13,11,2,1,1,0,0,0,28,27,1,0.03571428571428571
2013.1,,diurno,SBC,pre-2015,,1,6,10,7,2,6,0,0,0,31,25,6,0.1935483870967742
2013.1,,diurno,SA,pre-2015,,1,10,5,4,1,6,2,0,0,28,20,8,0.2857142857142857
2013.1,,diurno,SA,pre-2015,,1,4,2,2,0,6,1,0,0,15,8,7,0.4666666666666667
2013.1,,diurno,SA,pre-2015,,1,7,6,2,0,9,1,0,0,25,15,10,0.4
2013.1,,diurno,SA,pre-2015,,1,29,18,15,12,11,0,0,0,85,74,11,0.12941176470588237
2013.1,,diurno,SA,pre-2015,,1,8,5,5,0,5,1,0,0,24,18,6,0.25
2013.1,,diurno,SBC,pre-2015,,1,5,8,6,2,2,1,0,0,24,21,3,0.125
2013.1,,diurno,SA,pre-2015,,1,4,11,6,1,5,0,0,0,27,22,5,0.18518518518518517
2013.1,,diurno,SA,pre-2015,,1,8,4,13,0,2,0,0,0,27,25,2,0.07407407407407407
2013.1,,diurno,SA,pre-2015,,1,7,6,5,1,8,1,0,0,28,19,9,0.32142857142857145
2013.1,,diurno,SA,pre-2015,,1,6,6,4,1,6,1,0,0,24,17,7,0.2916666666666667
2013.1,,diurno,SA,pre-2015,,1,5,8,4,0,7,3,0,0,27,17,10,0.37037037037037035
2013.1,,noturno,SA,pre-2015,,1,6,8,2,1,11,0,0,0,28,17,11,0.39285714285714285
2013.1,,noturno,SBC,pre-2015,,1,11,6,8,2,1,5,0,0,33,27,6,0.18181818181818182
2013.1,,noturno,SA,pre-2015,,1,0,4,3,3,12,0,0,0,22,10,12,0.5454545454545454
2013.1,,noturno,SBC,pre-2015,,1,6,10,5,0,6,4,0,0,31,21,10,0.3225806451612903
2013.1,,noturno,SA,pre-2015,,1,4,5,6,1,11,0,0,0,27,16,11,0.4074074074074074
2013.1,,noturno,SA,pre-2015,,1,3,5,5,0,9,6,0,0,28,13,15,0.5357142857142857
2013.1,,noturno,SA,pre-2015,,1,2,4,6,0,11,0,0,0,23,12,11,0.4782608695652174
2013.1,,noturno,SA,pre-2015,,1,4,5,5,0,6,0,0,0,20,14,6,0.3
2013.1,,noturno,SA,pre-2015,,1,1,7,8,0,2,8,0,0,26,16,10,0.38461538461538464
2013.1,,noturno,SA,pre-2015,,1,8,5,4,2,6,0,0,0,25,19,6,0.24
2013.1,,noturno,SA,pre-2015,,1,9,10,1,3,5,0,0,0,28,23,5,0.17857142857142858
2013.1,,noturno,SA,pre-2015,,1,2,7,5,1,14,0,0,0,29,15,14,0.4827586206896552
2013.1,,noturno,SBC,pre-2015,,1,10,5,6,3,2,1,0,0,27,24,3,0.1111111111111111
2013.1,,noturno,SA,pre-2015,,1,2,5,4,1,11,0,0,0,23,12,11,0.4782608695652174
2013.1,,noturno,SBC,pre-2015,,1,10,7,3,0,9,1,0,0,30,20,10,0.3333333333333333
2013.1,,noturno,SA,pre-2015,,1,5,11,8,2,4,0,0,0,30,26,4,0.13333333333333333
2013.1,,noturno,SBC,pre-2015,,1,6,7,2,0,4,0,0,0,19,15,4,0.21052631578947367
2013.1,,noturno,SA,pre-2015,,1,7,6,4,1,8,2,0,0,28,18,10,0.35714285714285715
2013.1,,noturno,SA,pre-2015,,1,0,1,0,1,9,1,0,0,12,2,10,0.8333333333333334
2013.1,,noturno,SA,pre-2015,,1,10,5,3,2,8,1,0,0,29,20,9,0.3103448275862069
2013.1,,noturno,SA,pre-2015,,1,6,8,3,0,11,0,0,0,28,17,11,0.39285714285714285
2013.1,,noturno,SA,pre-2015,,1,9,9,5,0,5,0,0,0,28,23,5,0.17857142857142858
2013.1,,noturno,SA,pre-2015,,1,7,10,6,0,6,0,0,0,29,23,6,0.20689655172413793
2013.2,,diurno,SA,pre-2015,,0,0,0,2,2,9,0,0,0,13,4,9,0.6923076923076923
2013.2,,diurno,SA,pre-2015,,0,0,1,0,0,10,0,0,0,11,1,10,0.9090909090909091
2013.2,,diurno,SA,pre-2015,,0,0,3,3,0,12,0,0,0,18,6,12,0.6666666666666666
2013.2,,diurno,SBC,pre-2015,,0,7,14,8,0,4,0,0,0,33,29,4,0.12121212121212122
2013.2,,diurno,SA,pre-2015,,0,2,3,6,0,6,0,0,0,17,11,6,0.35294117647058826
2013.2,,diurno,SA,pre-2015,,0,0,16,2,0,5,0,0,0,23,18,5,0.21739130434782608
2013.2,,diurno,SA,pre-2015,,0,1,5,5,0,10,0,0,0,21,11,10,0.47619047619047616
2013.2,,noturno,SA,pre-2015,,0,1,1,2,1,7,0,0,0,12,5,7,0.5833333333333334
2013.2,,noturno,SA,pre-2015,,0,0,2,1,1,10,0,0,0,14,4,10,0.7142857142857143
2013.2,,noturno,SBC,pre-2015,,0,8,5,2,4,2,1,0,0,22,19,3,0.13636363636363635
2013.2,,noturno,SA,pre-2015,,0,1,1,0,0,14,0,0,0,16,2,14,0.875
2013.2,,noturno,SA,pre-2015,,0,0,1,0,0,12,0,0,0,13,1,12,0.9230769230769231
2014.2,,diurno,SA,pre-2015,,1,16,11,4,0,0,0,0,0,31,31,0,0.0
2014.2,,diurno,SBC,pre-2015,,1,8,13,6,0,3,0,0,0,30,27,3,0.1
2014.2,,diurno,SA,pre-2015,,1,2,3,7,1,8,0,0,0,21,13,8,0.38095238095238093
2014.2,,diurno,SBC,pre-2015,,1,13,3,1,3,2,5,0,0,27,20,7,0.25925925925925924
2014.2,,diurno,SA,pre-2015,,1,8,10,6,3,2,0,0,0,29,27,2,0.06896551724137931
2014.2,,diurno,SBC,pre-2015,,1,4,4,0,0,12,0,0,0,20,8,12,0.6
2014.2,,diurno,SA,pre-2015,,1,5,3,5,3,6,4,0,0,26,16,10,0.38461538461538464
2014.2,,diurno,SBC,pre-2015,,1,9,7,5,0,3,0,0,0,24,21,3,0.125
2014.2,,diurno,SA,pre-2015,,1,10,4,2,1,5,6,0,0,28,17,11,0.39285714285714285
2014.2,,diurno,SA,pre-2015,,1,8,3,4,8,1,0,1,1,24,23,1,0.041666666666666664
2014.2,,diurno,SA,pre-2015,,1,8,6,3,2,3,0,0,3,22,19,3,0.13636363636363635
2014.2,,diurno,SA,pre-2015,,1,7,4,4,2,6,2,0,0,25,17,8,0.32
2014.2,,diurno,SA,pre-2015,,1,6,1,6,3,4,4,0,0,24,16,8,0.3333333333333333
2014.2,,diurno,SBC,pre-2015,,1,5,12,3,5,11,0,0,0,36,25,11,0.3055555555555556
2014.2,,diurno,SA,pre-2015,,1,24,4,0,1,0,0,0,0,29,29,0,0.0
2014.2,,diurno,SA,pre-2015,,1,9,11,4,1,3,1,0,0,29,25,4,0.13793103448275862
2014.2,,diurno,SA,pre-2015,,1,12,10,0,4,2,2,0,0,30,26,4,0.13333333333333333
2014.2,,diurno,SA,pre-2015,,1,2,10,7,2,4,1,0,0,26,21,5,0.19230769230769232
2014.2,,diurno,SA,pre-2015,,1,5,6,13,2,3,1,0,0,30,26,4,0.13333333333333333
2014.2,,diurno,SA,pre-2015,,1,0,1,0,1,2,5,0,0,9,2,7,0.7777777777777778
2014.2,,noturno,SA,pre-2015,,1,3,2,0,1,12,4,0,0,22,6,16,0.7272727272727273
2014.2,,noturno,SBC,pre-2015,,1,9,2,8,2,6,3,0,0,30,21,9,0.3
2014.2,,noturno,SA,pre-2015,,1,2,5,7,2,11,1,0,0,28,16,12,0.42857142857142855
2014.2,,noturno,SA,pre-2015,,1,1,6,5,2,8,6,0,0,28,14,14,0.5
2014.2,,noturno,SBC,pre-2015,,1,3,5,11,2,7,7,0,0,35,21,14,0.4
2014.2,,noturno,SA,pre-2015,,1,6,6,3,1,10,1,0,0,27,16,11,0.4074074074074074
2014.2,,noturno,SA,pre-2015,,1,15,6,5,0,4,0,0,0,30,26,4,0.13333333333333333
2014.2,,noturno,SA,pre-2015,,1,4,8,6,0,8,2,0,0,28,18,10,0.35714285714285715
2014.2,,noturno,SA,pre-2015,,1,9,8,6,2,3,1,0,0,29,25,4,0.13793103448275862
2014.2,,noturno,SBC,pre-2015,,1,3,10,4,2,8,1,0,0,28,19,9,0.32142857142857145
2014.2,,noturno,SA,pre-2015,,1,4,2,1,0,5,9,0,0,21,7,14,0.6666666666666666
2014.2,,noturno,SBC,pre-2015,,1,15,5,2,2,3,2,0,0,29,24,5,0.1724137931034483
2014.2,,noturno,SA,pre-2015,,1,16,9,4,0,0,0,0,0,29,29,0,0.0
2014.2,,noturno,SA,pre-2015,,1,4,5,4,2,8,2,0,0,25,15,10,0.4
2014.2,,noturno,SA,pre-2015,,1,5,5,5,1,7,5,0,0,28,16,12,0.42857142857142855
2014.2,,noturno,SA,pre-2015,,1,2,3,5,6,2,6,0,0,24,16,8,0.3333333333333333
2014.2,,noturno,SA,pre-2015,,1,3,4,2,0,15,1,0,0,25,9,16,0.64
2014.3,,diurno,SA,pre-2015,,0,3,5,1,5,1,2,0,0,17,14,3,0.17647058823529413
2014.3,,diurno,SBC,pre-2015,,0,6,11,4,3,1,1,0,0,26,24,2,0.07692307692307693
2014.3,,diurno,SA,pre-2015,,0,4,2,1,1,4,7,0,0,19,8,11,0.5789473684210527
2014.3,,diurno,SBC,pre-2015,,0,0,8,4,3,3,2,0,0,20,15,5,0.25
2014.3,,diurno,SA,pre-2015,,0,2,2,2,1,6,5,0,0,18,7,11,0.6111111111111112
2014.3,,diurno,SBC,pre-2015,,0,6,4,9,0,4,0,0,0,23,19,4,0.17391304347826086
2014.3,,diurno,,pre-2015,,0,11,23,33,24,50,6,0,0,147,91,56,0.38095238095238093
2014.3,,noturno,SA,pre-2015,,0,3,2,7,1,6,5,0,0,24,13,11,0.4583333333333333
2014.3,,noturno,SA,pre-2015,,0,1,4,5,2,1,8,0,0,21,12,9,0.42857142857142855
2014.3,,noturno,SA,pre-2015,,0,3,4,4,2,5,4,0,0,22,13,9,0.4090909090909091
2015.1,,diurno,SA,pre-2015,,1,13,14,3,0,0,0,0,0,30,30,0,0.0
2015.1,,diurno,SBC,pre-2015,,1,2,8,4,3,5,10,0,0,32,17,15,0.46875
2015.1,,diurno,SA,pre-2015,,1,13,11,5,0,0,0,0,0,29,29,0,0.0
2015.1,,diurno,SA,pre-2015,,1,2,9,11,0,5,1,0,0,28,22,6,0.21428571428571427
2015.1,,diurno,SA,pre-2015,,1,2,6,7,2,1,1,0,1,19,17,2,0.10526315789473684
2015.1,,diurno,SA,pre-2015,,1,1,7,3,0,8,0,0,0,19,11,8,0.42105263157894735
2015.1,,diurno,SA,pre-2015,,1,11,3,4,2,7,0,0,0,27,20,7,0.25925925925925924
2015.1,,diurno,SBC,pre-2015,,1,16,10,6,0,1,3,0,0,36,32,4,0.1111111111111111
2015.1,,diurno,SA,pre-2015,,1,8,6,4,1,9,0,0,0,28,19,9,0.32142857142857145
2015.1,,diurno,SBC,pre-2015,,1,13,7,0,0,3,2,0,0,25,20,5,0.2
2015.1,,diurno,SA,pre-2015,,1,6,5,3,5,7,0,0,0,26,19,7,0.2692307692307692
2015.1,,diurno,SA,pre-2015,,1,6,6,2,3,1,4,0,0,22,17,5,0.22727272727272727
2015.1,,diurno,SA,pre-2015,,1,14,4,7,0,2,2,0,0,29,25,4,0.13793103448275862
2015.1,,diurno,SBC,pre-2015,,1,10,11,6,1,3,2,0,0,33,28,5,0.15151515151515152
2015.1,,diurno,SA,pre-2015,,1,4,12,4,1,2,0,0,0,23,21,2,0.08695652173913043
2015.1,,diurno,SA,pre-2015,,1,9,8,4,5,2,1,0,0,29,26,3,0.10344827586206896
2015.1,,diurno,SA,pre-2015,,1,3,8,6,2,2,4,0,0,25,19,6,0.24
2015.1,,diurno,SA,pre-2015,,1,8,4,3,1,2,4,0,0,22,16,6,0.2727272727272727
2015.1,,diurno,SA,pre-2015,,1,8,11,2,0,3,1,0,0,25,21,4,0.16
2015.1,,diurno,SBC,pre-2015,,1,10,11,6,1,2,1,0,0,31,28,3,0.0967741935483871
2015.1,,diurno,SA,pre-2015,,1,6,4,4,3,4,3,0,0,24,17,7,0.2916666666666667
2015.1,,diurno,SA,pre-2015,,1,3,7,7,3,3,1,0,0,24,20,4,0.16666666666666666
2015.1,,diurno,SA,pre-2015,,1,20,61,40,31,65,0,0,0,217,152,65,0.2995391705069124
2015.1,,noturno,SA,pre-2015,,1,1,11,3,4,2,6,0,0,27,19,8,0.2962962962962963
2015.1,,noturno,SBC,pre-2015,,1,18,10,2,3,8,2,0,0,43,33,10,0.23255813953488372
2015.1,,noturno,SA,pre-2015,,1,0,6,4,3,1,8,0,0,22,13,9,0.4090909090909091
2015.1,,noturno,SBC,pre-2015,,1,2,6,8,6,7,6,0,0,35,22,13,0.37142857142857144
2015.1,,noturno,SA,pre-2015,,1,7,2,9,3,1,2,0,0,24,21,3,0.125
2015.1,,noturno,SA,pre-2015,,1,2,4,4,2,11,3,0,0,26,12,14,0.5384615384615384
2015.1,,noturno,SBC,pre-2015,,1,11,11,3,1,8,4,0,0,38,26,12,0.3157894736842105
2015.1,,noturno,SA,pre-2015,,1,5,7,4,2,3,2,0,0,23,18,5,0.21739130434782608
2015.1,,noturno,SA,pre-2015,,1,7,1,4,0,2,3,0,0,17,12,5,0.29411764705882354
2015.1,,noturno,SA,pre-2015,,1,1,7,2,2,8,6,0,0,26,12,14,0.5384615384615384
2015.2,,diurno,SA,pre-2015,,0,9,5,4,2,2,0,0,0,22,20,2,0.09090909090909091
2015.2,,diurno,SBC,pre-2015,,0,1,11,3,5,0,8,0,0,28,20,8,0.2857142857142857
2015.2,,diurno,SA,pre-2015,,0,6,8,3,2,3,5,0,0,27,19,8,0.2962962962962963
2015.2,,diurno,SBC,pre-2015,,0,1,7,2,1,0,6,0,0,17,11,6,0.35294117647058826
2015.2,,diurno,SA,pre-2015,,0,5,4,6,1,5,3,0,0,24,16,8,0.3333333333333333
2015.2,,diurno,SA,pre-2015,,0,0,2,10,3,8,0,0,0,23,15,8,0.34782608695652173
2015.2,,diurno,SA,pre-2015,,0,0,3,9,2,9,0,0,0,23,14,9,0.391304347826087
2015.2,,diurno,SA,pre-2015,,0,1,3,6,2,7,0,0,0,19,12,7,0.3684210526315789
2015.2,,diurno,SA,pre-2015,,0,1,3,3,6,8,0,0,0,21,13,8,0.38095238095238093
2015.2,,diurno,SA,pre-2015,,0,0,3,8,3,8,0,0,0,22,14,8,0.36363636363636365
2015.2,,diurno,SA,pre-2015,,0,0,1,7,2,11,0,0,0,21,10,11,0.5238095238095238
2015.2,,noturno,SA,pre-2015,,0,5,4,6,3,4,3,0,0,25,18,7,0.28
2015.2,,noturno,SBC,pre-2015,,0,2,5,16,3,9,0,0,0,35,26,9,0.2571428571428571
2015.2,,noturno,SA,pre-2015,,0,7,8,5,2,3,2,0,0,27,22,5,0.18518518518518517
2015.2,,noturno,SBC,pre-2015,,0,5,9,12,4,6,0,0,0,36,30,6,0.16666666666666666
2015.2,,noturno,SA,pre-2015,,0,4,2,2,2,4,8,0,0,22,10,12,0.5454545454545454
2015.3,,diurno,SA,pre-2015,,0,0,2,3,5,14,0,0,0,24,10,14,0.5833333333333334
2015.3,,diurno,SA,pre-2015,,0,1,4,5,4,11,0,0,0,25,14,11,0.44
2015.3,,diurno,SA,pre-2015,,0,1,5,3,2,12,0,0,0,23,11,12,0.5217391304347826
2015.3,,diurno,SA,pre-2015,,0,0,4,3,5,11,0,0,0,23,12,11,0.4782608695652174
2015.3,,diurno,SA,pre-2015,,0,0,6,6,5,7,0,0,0,24,17,7,0.2916666666666667
2015.3,,diurno,SA,pre-2015,,0,1,1,11,3,9,0,0,0,25,16,9,0.36
2016.1,,diurno,SA,2015,,1,6,5,5,3,6,3,0,0,28,19,9,0.32142857142857145
2016.1,,diurno,SBC,2015,,1,19,10,1,0,2,6,0,0,38,30,8,0.21052631578947367
2016.1,,diurno,SA,2015,,1,3,5,6,5,5,1,0,0,25,19,6,0.24
2016.1,,diurno,SBC,2015,,1,14,9,3,0,6,2,0,0,34,26,8,0.23529411764705882
2016.1,,diurno,SA,2015,,1,7,8,6,1,3,4,0,0,29,22,7,0.2413793103448276
2016.1,,diurno,SA,2015,,1,19,8,0,2,0,0,0,0,29,29,0,0.0
2016.1,,diurno,SA,2015,,1,17,6,4,0,1,2,0,0,30,27,3,0.1
2016.1,,diurno,SA,2015,,1,5,11,3,0,3,0,0,0,22,19,3,0.13636363636363635
2016.1,,diurno,SBC,2015,,1,19,13,3,0,3,2,0,0,40,35,5,0.125
2016.1,,diurno,SA,2015,,1,2,5,6,1,8,1,0,0,23,14,9,0.391304347826087
2016.1,,diurno,SBC,2015,,1,5,6,2,0,2,1,0,0,16,13,3,0.1875
2016.1,,diurno,SA,2015,,1,1,9,7,0,7,2,0,0,26,17,9,0.34615384615384615
2016.1,,diurno,SA,2015,,1,14,9,4,0,0,0,0,0,27,27,0,0.0
2016.1,,diurno,SA,2015,,1,4,10,4,5,3,1,0,0,27,23,4,0.14814814814814814
2016.1,,diurno,SA,2015,,1,15,10,3,0,0,0,0,0,28,28,0,0.0
2016.1,,diurno,SBC,2015,,1,23,8,1,1,0,1,0,0,34,33,1,0.029411764705882353
2016.1,,diurno,SA,2015,,1,5,6,6,3,2,0,0,0,22,20,2,0.09090909090909091
2016.1,,diurno,SA,2015,,1,5,8,6,1,2,1,0,0,23,20,3,0.13043478260869565
2016.1,,diurno,SA,2015,,1,7,11,3,5,1,0,0,0,27,26,1,0.037037037037037035
2016.1,,diurno,SA,2015,,1,3,3,6,5,3,0,0,0,20,17,3,0.15
2016.1,,diurno,SA,2015,,1,3,11,5,5,3,0,0,0,27,24,3,0.1111111111111111
2016.1,,diurno,SBC,2015,,1,8,9,7,5,6,1,0,0,36,29,7,0.19444444444444445
2016.1,,diurno,SA,2015,,1,3,8,7,6,1,0,0,1,25,24,1,0.04
2016.1,,diurno,SA,2015,,1,13,20,21,9,33,1,0,0,97,63,34,0.35051546391752575
2016.1,,diurno,SBC,2015,,1,3,10,10,5,18,2,0,0,48,28,20,0.4166666666666667
2016.1,,noturno,SA,2015,,1,1,3,6,0,0,5,0,0,15,10,5,0.3333333333333333
2016.1,,noturno,SBC,2015,,1,9,13,7,1,3,1,0,0,34,30,4,0.11764705882352941
2016.1,,noturno,SBC,2015,,1,4,5,6,0,2,5,0,0,22,15,7,0.3181818181818182
2016.1,,noturno,SA,2015,,1,9,14,5,0,0,1,0,0,29,28,1,0.034482758620689655
2016.1,,noturno,SA,2015,,1,0,9,13,0,0,3,0,0,25,22,3,0.12
2016.1,,noturno,SA,2015,,1,2,1,2,2,4,6,0,0,17,7,10,0.5882352941176471
2016.1,,noturno,SA,2015,,1,1,1,1,1,3,8,0,0,15,4,11,0.7333333333333333
2016.1,,noturno,SBC,2015,,1,16,10,11,0,2,0,0,0,39,37,2,0.05128205128205128
2016.1,,noturno,SA,2015,,1,0,2,1,0,4,11,0,0,18,3,15,0.8333333333333334
2016.1,,noturno,SBC,2015,,1,7,15,1,0,9,3,0,0,35,23,12,0.34285714285714286
2016.1,,noturno,SA,2015,,1,0,1,5,5,2,6,0,0,19,11,8,0.42105263157894735
2016.1,,noturno,SA,2015,,1,7,9,4,3,0,0,0,0,23,23,0,0.0
2016.1,,noturno,SA,2015,,1,10,9,5,3,0,0,0,0,27,27,0,0.0
2016.2,,diurno,SA,2015,,0,7,7,1,3,4,3,0,0,25,18,7,0.28
2016.2,,diurno,SBC,2015,,0,3,10,7,2,6,1,0,0,29,22,7,0.2413793103448276
2016.2,,diurno,SA,2015,,0,11,7,3,1,1,5,0,0,28,22,6,0.21428571428571427
2016.2,,diurno,SA,2015,,0,5,4,0,3,6,5,0,0,23,12,11,0.4782608695652174
2016.2,,diurno,SA,2015,,0,6,19,39,36,6,13,4,0,119,100,19,0.15966386554621848
2016.2,,diurno,SBC,2015,,0,5,3,13,17,9,4,0,0,51,38,13,0.2549019607843137
2016.2,,noturno,SA,2015,,0,4,7,2,1,2,6,0,0,22,14,8,0.36363636363636365
2016.2,,noturno,SBC,2015,,0,0,14,7,3,14,0,0,0,38,24,14,0.3684210526315789
2016.2,,noturno,SA,2015,,0,0,2,5,2,5,16,0,0,30,9,21,0.7
2016.2,,noturno,SBC,2015,,0,0,6,0,1,1,7,0,0,15,7,8,0.5333333333333333
2016.2,,noturno,SA,2015,,0,1,5,3,2,0,6,0,0,17,11,6,0.35294117647058826
2016.3,,diurno,SA,2015,,0,18,18,42,34,67,10,0,0,189,112,77,0.4074074074074074
2016.3,,diurno,SBC,2015,,0,3,6,8,13,17,8,0,0,55,30,25,0.45454545454545453
2017.1,,diurno,SA,2015,,1,16,7,3,0,0,2,0,0,28,26,2,0.07142857142857142
2017.1,,diurno,SBC,2015,,1,12,6,6,2,4,6,0,0,36,26,10,0.2777777777777778
2017.1,,diurno,SA,2015,,1,2,9,6,2,5,5,0,0,29,19,10,0.3448275862068966
2017.1,,diurno,SBC,2015,,1,7,2,1,0,1,1,0,0,12,10,2,0.16666666666666666
2017.1,,diurno,SA,2015,,1,5,9,5,0,4,4,0,0,27,19,8,0.2962962962962963
2017.1,,diurno,SBC,2015,,1,0,2,7,2,2,5,0,0,18,11,7,0.3888888888888889
2017.1,,diurno,SA,2015,,1,5,9,6,3,4,2,0,0,29,23,6,0.20689655172413793
2017.1,,diurno,SBC,2015,,1,18,10,6,1,0,5,0,0,40,35,5,0.125
2017.1,,diurno,SA,2015,,1,10,4,7,2,5,1,0,0,29,23,6,0.20689655172413793
2017.1,,diurno,SA,2015,,1,6,4,6,3,4,3,0,0,26,19,7,0.2692307692307692
2017.1,,diurno,SA,2015,,1,13,10,1,4,1,0,0,0,29,28,1,0.034482758620689655
2017.1,,diurno,SA,2015,,1,12,7,9,1,0,1,0,0,30,29,1,0.03333333333333333
2017.1,,diurno,SA,2015,,1,3,15,8,2,3,0,0,0,31,28,3,0.0967741935483871
2017.1,,diurno,SA,2015,,1,10,9,3,1,3,1,0,0,27,23,4,0.14814814814814814
2017.1,,diurno,SBC,2015,,1,25,11,1,0,1,2,0,0,40,37,3,0.075
2017.1,,diurno,SA,2015,,1,19,9,2,0,0,0,0,0,30,30,0,0.0
2017.1,,diurno,SBC,2015,,1,4,11,3,3,2,0,0,0,23,21,2,0.08695652173913043
2017.1,,diurno,SA,2015,,1,11,8,4,2,1,1,0,0,27,25,2,0.07407407407407407
2017.1,,diurno,SA,2015,,1,1,2,5,2,4,3,0,0,17,10,7,0.4117647058823529
2017.1,,diurno,SA,2015,,1,1,7,7,2,4,2,0,0,23,17,6,0.2608695652173913
2017.1,,diurno,SA,2015,,1,3,9,4,9,3,0,1,0,28,25,3,0.10714285714285714
2017.1,,diurno,SA,2015,,1,14,21,30,31,26,5,0,0,127,96,31,0.2440944881889764
2017.1,,diurno,SBC,2015,,1,4,7,13,13,13,5,1,0,55,37,18,0.32727272727272727
2017.1,,noturno,SA,2015,,1,0,7,5,1,15,0,0,0,28,13,15,0.5357142857142857
2017.1,,noturno,SBC,2015,,1,9,11,6,5,5,1,0,0,37,31,6,0.16216216216216217
2017.1,,noturno,SA,2015,,1,4,11,6,4,5,0,0,0,30,25,5,0.16666666666666666
2017.1,,noturno,SBC,2015,,1,4,9,4,1,1,6,0,0,25,18,7,0.28
2017.1,,noturno,SA,2015,,1,2,7,6,2,13,0,0,0,30,17,13,0.43333333333333335
2017.1,,noturno,SBC,2015,,1,5,7,3,1,6,1,0,0,23,16,7,0.30434782608695654
2017.1,,noturno,SA,2015,,1,3,6,11,5,2,1,0,0,28,25,3,0.10714285714285714
2017.1,,noturno,SA,2015,,1,2,3,13,4,6,0,0,0,28,22,6,0.21428571428571427
2017.1,,noturno,SA,2015,,1,1,1,0,5,7,4,0,0,18,7,11,0.6111111111111112
2017.1,,noturno,SA,2015,,1,10,8,8,1,2,0,0,0,29,27,2,0.06896551724137931
2017.1,,noturno,SA,2015,,1,9,13,6,0,1,0,0,0,29,28,1,0.034482758620689655
2017.1,,noturno,SA,2015,,1,7,10,7,1,4,0,0,0,29,25,4,0.13793103448275862
2017.1,,noturno,SA,2015,,1,2,6,7,3,9,1,0,0,28,18,10,0.35714285714285715
2017.1,,noturno,SBC,2015,,1,4,2,7,6,6,11,0,0,36,19,17,0.4722222222222222
2017.1,,noturno,SA,2015,,1,10,6,6,1,6,0,0,0,29,23,6,0.20689655172413793
2017.1,,noturno,SA,2015,,1,1,6,3,5,11,3,0,0,29,15,14,0.4827586206896552
2017.1,,noturno,SA,2015,,1,1,2,4,3,11,0,0,0,21,10,11,0.5238095238095238
2017.1,,noturno,SA,2015,,1,1,4,5,1,14,0,0,0,25,11,14,0.56
2017.1,,noturno,SA,2015,,1,4,9,11,2,2,0,0,0,28,26,2,0.07142857142857142
2017.2,,diurno,SA,2015,,0,5,7,5,2,8,3,0,0,30,19,11,0.36666666666666664
2017.2,,diurno,SBC,2015,,0,7,9,4,2,5,7,0,0,34,22,12,0.35294117647058826
2017.2,,diurno,SA,2015,,0,8,4,4,1,10,2,0,0,29,17,12,0.41379310344827586
2017.2,,diurno,SA,2015,,0,6,9,2,1,6,4,0,0,28,18,10,0.35714285714285715
2017.2,,diurno,SA,2015,,0,7,24,25,32,18,0,0,0,106,88,18,0.16981132075471697
2017.2,,diurno,SBC,2015,,0,1,5,8,18,21,0,0,0,53,32,21,0.39622641509433965
2017.2,,noturno,SA,2015,,0,5,3,2,2,7,0,7,0,19,12,7,0.3684210526315789
2017.2,,noturno,SBC,2015,,0,8,4,8,0,10,3,0,0,33,20,13,0.3939393939393939
2017.2,,noturno,SA,2015,,0,14,5,2,0,4,0,2,0,25,21,4,0.16
2017.3,,diurno,SA,2015,,0,10,13,17,7,38,23,0,0,108,47,61,0.5648148148148148
2017.3,,diurno,SBC,2015,,0,3,4,7,4,17,10,0,0,45,18,27,0.6
2018.1,,diurno,SA,2015,,1,16,4,3,1,4,0,0,0,28,24,4,0.14285714285714285
2018.1,,diurno,SBC,2015,,1,7,5,9,0,1,2,0,0,24,21,3,0.125
2018.1,,diurno,SA,2015,,1,13,6,4,0,4,0,0,0,27,23,4,0.14814814814814814
2018.1,,diurno,SA,2015,,1,7,2,0,5,5,0,0,0,19,14,5,0.2631578947368421
2018.1,,diurno,SBC,2015,,1,19,12,3,2,2,1,0,0,39,36,3,0.07692307692307693
2018.1,,diurno,SA,2015,,1,2,7,8,1,7,4,0,0,29,18,11,0.3793103448275862
2018.1,,diurno,SBC,2015,,1,4,6,3,0,2,2,0,0,17,13,4,0.23529411764705882
2018.1,,diurno,SA,2015,,1,6,12,5,1,3,1,0,0,28,24,4,0.14285714285714285
2018.1,,diurno,SA,2015,,1,7,10,5,2,3,0,0,0,27,24,3,0.1111111111111111
2018.1,,diurno,SA,2015,,1,3,8,3,4,7,2,0,0,27,18,9,0.3333333333333333
2018.1,,diurno,SA,2015,,1,1,3,6,1,12,3,0,0,26,11,15,0.5769230769230769
2018.1,,diurno,SA,2015,,1,2,7,5,1,10,2,0,0,27,15,12,0.4444444444444444
2018.1,,diurno,SA,2015,,1,7,10,7,3,1,0,0,0,28,27,1,0.03571428571428571
2018.1,,diurno,SBC,2015,,1,7,15,5,1,3,4,0,0,35,28,7,0.2
2018.1,,diurno,SA,2015,,1,6,15,4,3,2,0,0,0,30,28,2,0.06666666666666667
2018.1,,diurno,SA,2015,,1,16,9,1,0,2,1,0,0,29,26,3,0.10344827586206896
2018.1,,diurno,SA,2015,,1,3,9,8,2,4,0,0,0,26,22,4,0.15384615384615385
2018.1,,diurno,SA,2015,,1,0,7,11,4,8,0,0,0,30,22,8,0.26666666666666666
2018.1,,diurno,SA,2015,,1,2,4,7,0,13,3,0,0,29,13,16,0.5517241379310345
2018.1,,diurno,SA,2015,,1,22,21,21,27,5,12,0,0,108,91,17,0.1574074074074074
2018.1,,diurno,SBC,2015,,1,8,8,6,13,6,13,0,0,54,35,19,0.35185185185185186
2018.1,,noturno,SA,2015,,1,3,6,0,3,8,8,0,0,28,12,16,0.5714285714285714
2018.1,,noturno,SBC,2015,,1,6,6,8,2,7,9,0,0,38,22,16,0.42105263157894735
2018.1,,noturno,SA,2015,,1,1,0,3,0,8,0,7,0,12,4,8,0.6666666666666666
2018.1,,noturno,SBC,2015,,1,3,6,8,1,11,3,0,0,32,18,14,0.4375
2018.1,,noturno,SA,2015,,1,5,5,2,5,8,2,0,0,27,17,10,0.37037037037037035
2018.1,,noturno,SA,2015,,1,5,5,6,4,5,2,0,0,27,20,7,0.25925925925925924
2018.1,,noturno,SA,2015,,1,8,6,9,0,1,4,0,0,28,23,5,0.17857142857142858
2018.1,,noturno,SA,2015,,1,6,2,5,1,10,6,0,0,30,14,16,0.5333333333333333
2018.1,,noturno,SA,2015,,1,5,5,3,6,6,4,0,0,29,19,10,0.3448275862068966
2018.1,,noturno,SA,2015,,1,0,6,7,6,3,4,0,0,26,19,7,0.2692307692307692
2018.1,,noturno,SBC,2015,,1,15,8,7,4,4,2,0,0,40,34,6,0.15
2018.1,,noturno,SA,2015,,1,1,2,10,5,7,4,0,0,29,18,11,0.3793103448275862
2018.1,,noturno,SBC,2015,,1,13,15,6,2,4,0,0,2,40,36,4,0.1
2018.1,,noturno,SA,2015,,1,0,11,6,7,4,2,0,0,30,24,6,0.2
2018.1,,noturno,SA,2015,,1,14,5,2,2,4,0,0,0,27,23,4,0.14814814814814814
2018.1,,noturno,SA,2015,,1,9,11,2,0,8,0,0,0,30,22,8,0.26666666666666666
2018.1,,noturno,SA,2015,,1,17,9,3,1,2,0,0,0,32,30,2,0.0625
2018.2,,diurno,SA,2015,,0,5,6,4,6,5,2,0,0,28,21,7,0.25
2018.2,,diurno,SA,2015,,0,0,5,4,1,5,10,0,0,25,10,15,0.6
2018.2,,diurno,SA,2015,,0,1,4,5,2,4,11,0,0,27,12,15,0.5555555555555556
2018.2,,diurno,SBC,2015,,0,1,3,4,4,6,8,0,0,26,12,14,0.5384615384615384
2018.2,,diurno,SA,2015,,0,1,1,12,4,5,5,0,0,28,18,10,0.35714285714285715
2018.2,,diurno,SA,2015,,0,1,2,6,8,5,6,0,0,28,17,11,0.39285714285714285
2018.2,,diurno,SA,2015,,0,2,5,5,6,2,7,0,0,27,18,9,0.3333333333333333
2018.2,,noturno,SA,2015,,0,0,0,1,0,8,7,0,0,16,1,15,0.9375
2018.2,,noturno,SBC,2015,,0,4,4,1,1,4,13,0,0,27,10,17,0.6296296296296297
2018.2,,noturno,SA,2015,,0,1,4,2,0,15,1,0,0,23,7,16,0.6956521739130435
2018.3,,diurno,SA,2015,,0,8,7,12,24,22,31,0,2,104,51,53,0.5096153846153846
2018.3,,diurno,SBC,2015,,0,5,4,7,7,3,9,0,0,35,23,12,0.34285714285714286
2019.1,,diurno,SA,2015,,1,4,5,2,2,6,9,0,0,28,13,15,0.5357142857142857
2019.1,,diurno,SBC,2015,,1,1,1,4,3,10,7,0,0,26,9,17,0.6538461538461539
2019.1,,diurno,SA,2015,,1,3,5,2,3,9,3,0,0,25,13,12,0.48
2019.1,,diurno,SBC,2015,,1,9,18,3,2,6,2,0,0,40,32,8,0.2
2019.1,,diurno,SA,2015,,1,3,9,3,0,7,4,0,0,26,15,11,0.4230769230769231
2019.1,,diurno,SBC,2015,,1,2,3,3,2,4,0,0,0,14,10,4,0.2857142857142857
2019.1,,diurno,SA,2015,,1,19,1,5,2,2,1,0,0,30,27,3,0.1
2019.1,,diurno,SBC,2015,,1,1,0,1,0,0,1,0,0,3,2,1,0.3333333333333333
2019.1,,diurno,SA,2015,,1,2,7,9,3,5,2,0,0,28,21,7,0.25
2019.1,,diurno,SA,2015,,1,13,3,6,3,3,0,0,0,28,25,3,0.10714285714285714
2019.1,,diurno,SA,2015,,1,16,5,3,1,3,0,0,0,28,25,3,0.10714285714285714
2019.1,,diurno,SA,2015,,1,10,9,8,1,1,1,0,0,30,28,2,0.06666666666666667
2019.1,,diurno,SA,2015,,1,3,6,6,2,9,2,0,0,28,17,11,0.39285714285714285
2019.1,,diurno,SA,2015,,1,4,1,6,3,9,3,0,0,26,14,12,0.46153846153846156
2019.1,,diurno,SBC,2015,,1,1,4,2,0,2,0,0,0,9,7,2,0.2222222222222222
2019.1,,diurno,SA,2015,,1,6,5,11,3,4,0,0,0,29,25,4,0.13793103448275862
2019.1,,diurno,SBC,2015,,1,8,8,2,5,7,3,0,0,33,23,10,0.30303030303030304
2019.1,,diurno,SA,2015,,1,2,2,4,3,9,4,0,0,24,11,13,0.5416666666666666
2019.1,,diurno,SBC,2015,,1,6,7,8,0,2,0,0,0,23,21,2,0.08695652173913043
2019.1,,diurno,SA,2015,,1,5,10,7,3,3,0,0,0,28,25,3,0.10714285714285714
2019.1,,diurno,SBC,2015,,1,4,9,8,0,0,0,0,0,21,21,0,0.0
2019.1,,diurno,SA,2015,,1,4,6,4,2,6,3,0,0,25,16,9,0.36
2019.1,,diurno,SA,2015,,1,5,9,6,2,4,0,0,0,26,22,4,0.15384615384615385
2019.1,,diurno,SA,2015,,1,37,25,20,18,5,10,0,0,115,100,15,0.13043478260869565
2019.1,,diurno,SBC,2015,,1,15,5,6,4,2,22,0,0,54,30,24,0.4444444444444444
2019.1,,noturno,SA,2015,,1,1,2,3,2,18,0,0,0,26,8,18,0.6923076923076923
2019.1,,noturno,SBC,2015,,1,5,8,16,2,8,0,0,2,39,31,8,0.20512820512820512
2019.1,,noturno,SA,2015,,1,1,2,5,3,16,0,0,0,27,11,16,0.5925925925925926
2019.1,,noturno,SBC,2015,,1,1,0,4,2,14,15,0,0,36,7,29,0.8055555555555556
2019.1,,noturno,SA,2015,,1,1,1,1,4,21,0,0,0,28,7,21,0.75
2019.1,,noturno,SBC,2015,,1,3,1,4,3,19,0,0,0,30,11,19,0.6333333333333333
2019.1,,noturno,SA,2015,,1,1,4,6,4,12,1,0,0,28,15,13,0.4642857142857143
2019.1,,noturno,SBC,2015,,1,1,0,0,0,3,0,0,0,4,1,3,0.75
2019.1,,noturno,SA,2015,,1,8,15,4,0,3,0,0,0,30,27,3,0.1
2019.1,,noturno,SA,2015,,1,0,5,5,4,13,1,0,0,28,14,14,0.5
2019.1,,noturno,SA,2015,,1,4,4,5,6,8,0,0,0,27,19,8,0.2962962962962963
2019.1,,noturno,SA,2015,,1,0,2,10,9,8,1,0,0,30,21,9,0.3
2019.1,,noturno,SA,2015,,1,5,15,6,2,2,0,0,0,30,28,2,0.06666666666666667
2019.1,,noturno,SA,2015,,1,2,4,6,1,13,2,0,0,28,13,15,0.5357142857142857
2019.1,,noturno,SBC,2015,,1,3,10,5,4,16,1,0,0,39,22,17,0.4358974358974359
2019.1,,noturno,SBC,2015,,1,1,1,3,3,5,11,0,0,24,8,16,0.6666666666666666
2019.1,,noturno,SA,2015,,1,2,8,3,2,9,3,0,0,27,15,12,0.4444444444444444
2019.1,,noturno,SA,2015,,1,3,8,4,2,10,2,0,0,29,17,12,0.41379310344827586
2019.1,,noturno,SA,2015,,1,9,7,7,2,5,0,0,0,30,25,5,0.16666666666666666
2019.1,,noturno,SA,2015,,1,1,3,2,3,15,3,0,0,27,9,18,0.6666666666666666
2019.1,,noturno,SA,2015,,1,1,1,7,5,9,3,0,0,26,14,12,0.46153846153846156
2019.2,,noturno,SBC,2015,,0,9,1,13,2,1,10,0,0,36,25,11,0.3055555555555556
2019.2,,noturno,SBC,2015,,0,7,6,7,2,3,18,0,0,43,22,21,0.4883720930232558
2019.3,,diurno,SA,2015,,0,17,10,19,5,9,12,0,1,72,51,21,0.2916666666666667
2019.3,,diurno,SA,2015,,0,18,15,12,1,8,14,0,0,68,46,22,0.3235294117647059
2019.3,,noturno,SA,2015,,0,4,5,1,1,15,0,0,0,26,11,15,0.5769230769230769
2019.3,,noturno,SA,2015,,0,1,3,2,1,18,0,0,0,25,7,18,0.72
2020.1,,diurno,SA,2015,,1,2,4,4,1,11,0,0,8,22,11,11,0.5
2020.1,,diurno,SBC,2015,,1,27,8,1,0,2,0,0,4,38,36,2,0.05263157894736842
2020.1,,diurno,SA,2015,,1,1,5,3,1,9,0,0,6,19,10,9,0.47368421052631576
2020.1,,diurno,SBC,2015,,1,26,5,0,0,1,0,3,6,32,31,1,0.03125
2020.1,,diurno,SA,2015,,1,1,1,5,2,14,0,0,5,23,9,14,0.6086956521739131
2020.1,,diurno,SA,2015,,1,15,3,4,2,5,0,0,2,29,24,5,0.1724137931034483
2020.1,,diurno,SA,2015,,1,4,4,8,2,10,0,0,1,28,18,10,0.35714285714285715
2020.1,,diurno,SA,2015,,1,12,7,0,1,7,0,0,4,27,20,7,0.25925925925925924
2020.1,,diurno,SA,2015,,1,3,4,6,1,12,0,0,3,26,14,12,0.46153846153846156
2020.1,,diurno,SA,2015,,1,3,3,4,2,6,0,0,8,18,12,6,0.3333333333333333
2020.1,,diurno,SA,2015,,1,4,1,3,3,13,0,0,6,24,11,13,0.5416666666666666
2020.1,,diurno,SA,2015,,1,5,4,4,1,11,0,0,3,25,14,11,0.44
2020.1,,diurno,SBC,2015,,1,13,12,3,1,0,0,6,6,29,29,0,0.0
2020.1,,diurno,SA,2015,,1,7,5,1,3,8,0,0,6,24,16,8,0.3333333333333333
2020.1,,diurno,SBC,2015,,1,11,11,2,0,2,0,4,4,26,24,2,0.07692307692307693
2020.1,,diurno,SA,2015,,1,5,3,1,1,18,0,0,2,28,10,18,0.6428571428571429
2020.1,,diurno,SA,2015,,1,21,3,1,0,2,0,0,2,27,25,2,0.07407407407407407
2020.1,,diurno,SA,2015,,1,17,7,3,1,1,0,0,1,29,28,1,0.034482758620689655
2020.1,,diurno,SA,2015,,1,20,5,2,0,2,0,0,2,29,27,2,0.06896551724137931
2020.1,,diurno,SA,2015,,1,48,33,22,8,47,0,0,21,158,111,47,0.2974683544303797
2020.1,,diurno,SBC,2015,,1,3,15,18,2,12,0,0,8,50,38,12,0.24
2020.1,,noturno,SA,2015,,1,3,1,3,1,11,0,0,12,19,8,11,0.5789473684210527
2020.1,,noturno,SBC,2015,,1,25,7,0,0,8,0,0,2,40,32,8,0.2
2020.1,,noturno,SA,2015,,1,1,1,3,0,20,0,0,4,25,5,20,0.8
2020.1,,noturno,SBC,2015,,1,15,7,2,0,1,0,9,8,25,24,1,0.04
2020.1,,noturno,SA,2015,,1,1,1,0,1,15,0,0,10,18,3,15,0.8333333333333334
2020.1,,noturno,SA,2015,,1,15,9,2,1,0,0,2,1,27,27,0,0.0
2020.1,,noturno,SA,2015,,1,14,10,1,1,3,0,0,1,29,26,3,0.10344827586206896
2020.1,,noturno,SA,2015,,1,3,8,7,0,2,0,4,5,20,18,2,0.1
2020.1,,noturno,SA,2015,,1,1,7,5,0,15,0,0,4,28,13,15,0.5357142857142857
2020.1,,noturno,SA,2015,,1,12,3,5,0,5,0,0,4,25,20,5,0.2
2020.1,,noturno,SA,2015,,1,0,2,4,1,13,0,0,7,20,7,13,0.65
2020.1,,noturno,SA,2015,,1,3,18,3,1,3,0,0,4,28,25,3,0.10714285714285714
2020.1,,noturno,SBC,2015,,1,1,0,0,0,3,0,10,2,4,1,3,0.75
2020.1,,noturno,SA,2015,,1,0,4,2,1,13,0,0,8,20,7,13,0.65
2020.1,,noturno,SBC,2015,,1,0,0,0,2,14,0,13,1,16,2,14,0.875
2020.1,,noturno,SA,2015,,1,1,14,1,1,7,0,0,3,24,17,7,0.2916666666666667
2020.1,,noturno,SA,2015,,1,4,0,2,2,2,0,0,5,10,8,2,0.2
2020.1,,noturno,SA,2015,,1,1,1,0,1,11,0,0,13,14,3,11,0.7857142857142857
2020.1,,noturno,SA,2015,,1,0,3,1,2,14,0,0,6,20,6,14,0.7
2021.2,,diurno,SA,2015,,1,6,4,8,2,8,0,9,14,28,20,8,0.2857142857142857
2021.2,,diurno,SA,2015,,1,8,5,14,3,2,0,11,5,32,30,2,0.0625
2021.2,,diurno,SA,2015,,1,19,3,7,3,0,0,15,3,32,32,0,0.0
2021.2,,diurno,SA,2015,,1,10,11,6,1,15,0,0,9,43,28,15,0.3488372093023256
2021.2,,diurno,SA,2015,,1,26,4,2,0,1,0,10,8,33,32,1,0.030303030303030304
2021.2,,diurno,SA,2015,,1,19,3,6,2,15,0,0,6,45,30,15,0.3333333333333333
2021.2,,diurno,SA,2015,,1,10,9,7,6,14,0,0,6,46,32,14,0.30434782608695654
2021.2,,diurno,SA,2015,,1,10,7,3,7,12,0,6,5,39,27,12,0.3076923076923077
2021.2,,diurno,SA,2015,,1,13,8,14,4,9,0,0,5,48,39,9,0.1875
2021.2,,diurno,SA,2015,,1,8,5,6,6,17,0,0,8,42,25,17,0.40476190476190477
2021.2,,diurno,SA,2015,,1,19,5,6,2,16,0,0,5,48,32,16,0.3333333333333333
2021.2,,diurno,SA,2015,,1,2,10,9,6,4,0,14,5,31,27,4,0.12903225806451613
2021.2,,diurno,SA,2015,,1,14,10,7,1,14,0,0,2,46,32,14,0.30434782608695654
2021.2,,diurno,SA,2015,,1,16,8,1,0,20,0,0,6,45,25,20,0.4444444444444444
2021.2,,diurno,SA,2015,,1,15,4,4,3,10,0,8,5,36,26,10,0.2777777777777778
2021.2,,diurno,SA,2015,,1,23,8,1,2,3,0,5,7,37,34,3,0.08108108108108109
2021.2,,diurno,SA,2015,,1,2,7,5,3,21,0,6,6,38,17,21,0.5526315789473685
2021.2,,noturno,SA,2015,,1,3,4,5,13,22,0,0,3,47,25,22,0.46808510638297873
2021.2,,noturno,SA,2015,,1,22,7,4,3,9,0,0,7,45,36,9,0.2
2021.2,,noturno,SA,2015,,1,7,11,9,3,0,0,12,8,30,30,0,0.0
2021.2,,noturno,SA,2015,,1,21,4,8,3,2,0,9,9,38,36,2,0.05263157894736842
2021.2,,noturno,SA,2015,,1,12,7,4,4,4,0,15,5,31,27,4,0.12903225806451613
2021.2,,noturno,SA,2015,,1,5,7,3,1,24,0,0,12,40,16,24,0.6
2021.2,,noturno,SA,2015,,1,15,11,5,2,10,0,0,7,43,33,10,0.23255813953488372
2021.2,,noturno,SA,2015,,1,17,9,3,1,9,0,7,4,39,30,9,0.23076923076923078
2021.2,,noturno,SA,2015,,1,5,6,14,3,16,0,0,6,44,28,16,0.36363636363636365
2021.2,,noturno,SA,2015,,1,9,5,11,3,2,0,9,13,30,28,2,0.06666666666666667
2021.2,,noturno,SA,2015,,1,11,8,3,1,10,0,14,6,33,23,10,0.30303030303030304
2021.2,,noturno,SA,2015,,1,14,4,8,1,25,0,0,3,52,27,25,0.4807692307692308
2021.2,,noturno,SA,2015,,1,12,3,5,2,26,0,0,4,48,22,26,0.5416666666666666
2021.2,,noturno,SA,2015,,1,15,8,4,1,0,0,20,4,28,28,0,0.0
2021.2,,noturno,SA,2015,,1,12,13,6,2,14,0,0,4,47,33,14,0.2978723404255319
2021.2,,noturno,SA,2015,,1,10,11,3,5,6,0,12,4,35,29,6,0.17142857142857143
2021.2,,noturno,SA,2015,,1,20,6,3,4,12,0,0,5,45,33,12,0.26666666666666666
2022.2,,diurno,SA,2015,,1,7,6,7,1,0,5,0,7,26,21,5,0.19230769230769232
2022.2,,diurno,SBC,2015,,1,19,8,3,2,3,0,0,5,35,32,3,0.08571428571428572
2022.2,,diurno,SA,2015,,1,6,6,13,2,1,1,0,4,29,27,2,0.06896551724137931
2022.2,,diurno,SBC,2015,,1,12,7,3,4,7,0,0,9,33,26,7,0.21212121212121213
2022.2,,diurno,SA,2015,,1,6,3,1,4,5,1,5,8,20,14,6,0.3
2022.2,,diurno,SA,2015,,1,6,3,8,3,9,0,0,3,29,20,9,0.3103448275862069
2022.2,,diurno,SA,2015,,1,6,10,6,1,7,0,0,1,30,23,7,0.23333333333333334
2022.2,,diurno,SA,2015,,1,14,5,3,2,3,0,0,3,27,24,3,0.1111111111111111
2022.2,,diurno,SA,2015,,1,10,9,4,2,3,0,0,2,28,25,3,0.10714285714285714
2022.2,,diurno,SA,2015,,1,4,5,7,5,5,0,0,6,26,21,5,0.19230769230769232
2022.2,,diurno,SA,2015,,1,5,7,6,3,7,0,0,2,28,21,7,0.25
2022.2,,diurno,SA,2015,,1,4,4,2,3,2,10,0,8,25,13,12,0.48
2022.2,,diurno,SBC,2015,,1,10,13,8,1,4,0,0,9,36,32,4,0.1111111111111111
2022.2,,diurno,SA,2015,,1,1,2,4,0,0,0,3,3,7,7,0,0.0
2022.2,,diurno,SBC,2015,,1,2,2,3,2,7,0,0,6,16,9,7,0.4375
2022.2,,diurno,SA,2015,,1,1,1,3,0,0,0,1,2,5,5,0,0.0
2022.2,,diurno,SA,2015,,1,9,5,3,2,7,0,0,4,26,19,7,0.2692307692307692
2022.2,,diurno,SA,2015,,1,5,1,2,0,3,0,0,3,11,8,3,0.2727272727272727
2022.2,,diurno,SA,2015,,1,14,3,2,2,5,0,0,5,26,21,5,0.19230769230769232
2022.2,,diurno,SA,2015,,1,12,10,5,0,0,0,0,4,27,27,0,0.0
2022.2,,diurno,SA,2015,,1,2,12,10,0,3,0,0,5,27,24,3,0.1111111111111111
2022.2,,diurno,SA,2015,,1,1,4,1,0,2,0,0,2,8,6,2,0.25
2022.2,,noturno,SA,2015,,1,4,5,2,7,1,7,0,7,26,18,8,0.3076923076923077
2022.2,,noturno,SBC,2015,,1,10,9,6,4,9,0,0,2,38,29,9,0.23684210526315788
2022.2,,noturno,SA,2015,,1,1,5,7,3,2,7,0,8,25,16,9,0.36
2022.2,,noturno,SBC,2015,,1,10,6,8,1,13,0,0,8,38,25,13,0.34210526315789475
2022.2,,noturno,SA,2015,,1,4,6,6,3,2,3,0,6,24,19,5,0.20833333333333334
2022.2,,noturno,SA,2015,,1,10,0,6,1,7,0,0,6,24,17,7,0.2916666666666667
2022.2,,noturno,SA,2015,,1,4,1,4,7,12,0,0,3,28,16,12,0.42857142857142855
2022.2,,noturno,SA,2015,,1,8,9,5,0,5,0,0,5,27,22,5,0.18518518518518517
2022.2,,noturno,SA,2015,,1,15,2,3,3,6,0,0,2,29,23,6,0.20689655172413793
2022.2,,noturno,SA,2015,,1,8,6,4,0,9,2,0,1,29,18,11,0.3793103448275862
2022.2,,noturno,SA,2015,,1,3,6,2,7,0,8,0,5,26,18,8,0.3076923076923077
2022.2,,noturno,SA,2015,,1,4,5,8,5,6,1,0,3,29,22,7,0.2413793103448276
2022.2,,noturno,SBC,2015,,1,18,4,0,5,7,6,0,3,40,27,13,0.325
2022.2,,noturno,SA,2015,,1,2,6,7,2,1,5,0,9,23,17,6,0.2608695652173913
2022.2,,noturno,SBC,2015,,1,15,7,3,5,3,1,0,8,34,30,4,0.11764705882352941
2022.2,,noturno,SA,2015,,1,0,6,6,2,1,10,0,9,25,14,11,0.44
2022.2,,noturno,SA,2015,,1,10,0,5,6,6,0,0,3,27,21,6,0.2222222222222222
2022.2,,noturno,SA,2015,,1,3,1,5,7,10,0,0,5,26,16,10,0.38461538461538464
2022.2,,noturno,SA,2015,,1,9,4,5,2,7,0,0,3,27,20,7,0.25925925925925924
2022.2,,noturno,SA,2015,,1,14,7,2,3,1,0,0,4,27,26,1,0.037037037037037035
2022.2,,noturno,SA,2015,,1,10,6,5,2,0,3,0,4,26,23,3,0.11538461538461539
2022.2,,noturno,SA,2015,,1,9,5,5,1,4,3,0,3,27,20,7,0.25925925925925924
2022.3,,diurno,SA,2015,,0,4,8,6,1,2,2,0,2,23,19,4,0.17391304347826086
2022.3,,diurno,SBC,2015,,0,10,3,2,4,2,5,0,9,26,19,7,0.2692307692307692
2022.3,,diurno,SA,2015,,0,0,3,2,3,8,1,0,8,17,8,9,0.5294117647058824
2022.3,,diurno,SBC,2015,,0,3,1,2,1,2,3,0,11,12,7,5,0.4166666666666667
2022.3,,diurno,SA,2015,,0,0,2,2,1,15,3,0,1,23,5,18,0.782608695652174
2022.3,,noturno,SA,2015,,0,8,6,3,2,10,0,0,4,29,19,10,0.3448275862068966
2022.3,,noturno,SBC,2015,,0,0,8,4,0,15,12,0,2,39,12,27,0.6923076923076923
2022.3,,noturno,SA,2015,,0,12,7,2,1,4,0,0,6,26,22,4,0.15384615384615385
2022.3,,noturno,SA,2015,,0,12,5,4,2,6,0,0,3,29,23,6,0.20689655172413793
2023.2,,diurno,SA,2022,,1,3,4,4,1,15,5,0,0,32,12,20,0.625
2023.2,,diurno,SBC,2022,,1,16,6,10,5,4,0,0,3,41,37,4,0.0975609756097561
2023.2,,diurno,SA,2022,,1,28,6,1,5,1,0,0,1,41,40,1,0.024390243902439025
2023.2,,diurno,SBC,2022,,1,5,2,12,8,13,2,0,3,42,27,15,0.35714285714285715
2023.2,,diurno,SA,2022,,1,19,9,2,4,2,2,0,3,38,34,4,0.10526315789473684
2023.2,,diurno,SA,2022,,1,8,1,7,9,6,0,0,3,31,25,6,0.1935483870967742
2023.2,,diurno,SA,2022,,1,30,6,3,0,6,0,0,2,45,39,6,0.13333333333333333
2023.2,,diurno,SA,2022,,1,33,9,2,2,0,2,0,0,48,46,2,0.041666666666666664
2023.2,,diurno,SA,2022,,1,10,10,6,0,2,2,0,3,30,26,4,0.13333333333333333
2023.2,,diurno,SBC,2022,,1,22,10,5,0,1,3,0,3,41,37,4,0.0975609756097561
2023.2,,diurno,SA,2022,,1,28,9,0,0,1,1,0,3,39,37,2,0.05128205128205128
2023.2,,diurno,SBC,2022,,1,4,2,9,8,5,8,0,8,36,23,13,0.3611111111111111
2023.2,,diurno,SA,2022,,1,16,8,2,7,6,0,0,2,39,33,6,0.15384615384615385
2023.2,,diurno,SA,2022,,1,4,2,8,6,9,0,0,3,29,20,9,0.3103448275862069
2023.2,,diurno,SA,2022,,1,36,6,1,1,1,0,0,1,45,44,1,0.022222222222222223
2023.2,,diurno,SA,2022,,1,45,1,1,1,1,0,0,3,49,48,1,0.02040816326530612
2023.2,,noturno,SA,2022,,1,6,6,8,4,2,5,0,3,31,24,7,0.22580645161290322
2023.2,,noturno,SBC,2022,,1,11,3,8,5,14,0,0,2,41,27,14,0.34146341463414637
2023.2,,noturno,SA,2022,,1,25,3,4,2,4,1,0,4,39,34,5,0.1282051282051282
2023.2,,noturno,SBC,2022,,1,17,1,5,6,10,0,0,6,39,29,10,0.2564102564102564
2023.2,,noturno,SA,2022,,1,6,5,13,5,10,2,0,0,41,29,12,0.2926829268292683
2023.2,,noturno,SA,2022,,1,3,1,13,8,0,6,0,3,31,25,6,0.1935483870967742
2023.2,,noturno,SA,2022,,1,10,8,9,4,11,2,0,5,44,31,13,0.29545454545454547
2023.2,,noturno,SA,2022,,1,11,6,7,6,14,0,0,8,44,30,14,0.3181818181818182
2023.2,,noturno,SA,2022,,1,3,6,3,5,7,7,0,2,31,17,14,0.45161290322580644
2023.2,,noturno,SBC,2022,,1,10,4,8,3,14,0,0,6,39,25,14,0.358974358974359
2023.2,,noturno,SA,2022,,1,22,7,5,0,3,3,0,1,40,34,6,0.15
2023.2,,noturno,SBC,2022,,1,30,1,1,3,6,0,0,2,41,35,6,0.14634146341463414
2023.2,,noturno,SA,2022,,1,6,1,9,2,10,10,0,4,38,18,20,0.5263157894736842
2023.2,,noturno,SA,2022,,1,0,2,18,11,0,1,0,2,32,31,1,0.03125
2023.2,,noturno,SA,2022,,1,7,4,9,0,8,12,0,6,40,20,20,0.5
2023.2,,noturno,SA,2022,,1,9,5,10,7,16,0,0,2,47,31,16,0.3404255319148936
2023.3,,noturno,SA,2022,,0,2,13,16,7,6,0,0,4,44,38,6,0.13636363636363635
2023.3,,noturno,SBC,2022,,0,7,9,8,1,2,10,0,7,37,25,12,0.32432432432432434
2023.3,,noturno,SA,2022,,0,12,10,5,5,6,6,0,4,44,32,12,0.2727272727272727
2023.3,,noturno,SA,2022,,0,14,8,11,1,9,0,0,4,43,34,9,0.20930232558139536
2023.3,,noturno,SBC,2022,,0,14,9,9,0,1,4,0,10,37,32,5,0.13513513513513514
2023.3,,noturno,SA,2022,,0,21,4,7,6,3,5,0,5,46,38,8,0.17391304347826086
2024.1,,diurno,SA,2022,,1,3,3,4,5,4,11,0,3,30,15,15,0.5
2024.1,,diurno,SBC,2022,,1,14,12,5,2,4,2,0,2,39,33,6,0.15384615384615385
2024.1,,diurno,SA,2022,,1,4,2,5,6,21,0,0,4,38,17,21,0.5526315789473685
2024.1,,diurno,SBC,2022,,1,31,8,0,1,0,2,0,2,42,40,2,0.047619047619047616
2024.1,,diurno,SA,2022,,1,19,8,1,0,2,0,0,0,30,28,2,0.06666666666666667
2024.1,,diurno,SA,2022,,1,11,13,14,3,4,0,0,2,45,41,4,0.08888888888888889
2024.1,,diurno,SA,2022,,1,12,9,4,4,2,1,0,3,32,29,3,0.09375
2024.1,,diurno,SA,2022,,1,3,14,17,5,1,5,0,3,45,39,6,0.13333333333333333
2024.1,,diurno,SA,2022,,1,2,4,14,15,1,2,0,3,38,35,3,0.07894736842105263
2024.1,,diurno,SA,2022,,1,5,3,12,8,1,2,0,3,31,28,3,0.0967741935483871
2024.1,,diurno,SBC,2022,,1,7,12,14,3,0,2,0,3,38,36,2,0.05263157894736842
2024.1,,diurno,SA,2022,,1,7,1,2,13,12,0,0,6,35,23,12,0.34285714285714286
2024.1,,diurno,SBC,2022,,1,14,1,14,1,6,3,0,4,39,30,9,0.23076923076923078
2024.1,,diurno,SA,2022,,1,3,14,14,3,2,5,0,5,41,34,7,0.17073170731707318
2024.1,,diurno,SA,2022,,1,27,6,0,0,1,0,0,3,34,33,1,0.029411764705882353
2024.1,,diurno,SA,2022,,1,12,16,12,3,4,0,0,2,47,43,4,0.0851063829787234
2024.1,,diurno,SA,2022,,1,6,6,11,2,7,1,0,7,33,25,8,0.24242424242424243
2024.1,,noturno,SA,2022,,1,5,5,7,7,8,0,0,0,32,24,8,0.25
2024.1,,noturno,SBC,2022,,1,1,1,4,15,9,12,0,3,42,21,21,0.5
2024.1,,noturno,SA,2022,,1,14,5,7,4,3,1,7,1,34,30,4,0.11764705882352941
2024.1,,noturno,SBC,2022,,1,2,7,13,12,8,0,0,2,42,34,8,0.19047619047619047
2024.1,,noturno,SA,2022,,1,0,4,6,10,5,4,0,1,29,20,9,0.3103448275862069
2024.1,,noturno,SA,2022,,1,13,13,8,2,3,2,0,4,41,36,5,0.12195121951219512
2024.1,,noturno,SA,2022,,1,3,2,1,1,14,7,0,5,28,7,21,0.75
2024.1,,noturno,SA,2022,,1,1,25,15,2,4,0,0,1,47,43,4,0.0851063829787234
2024.1,,noturno,SA,2022,,1,3,8,4,9,15,0,0,4,39,24,15,0.38461538461538464
2024.1,,noturno,SA,2022,,1,5,4,3,4,13,0,0,1,29,16,13,0.4482758620689655
2024.1,,noturno,SA,2022,,1,0,3,3,7,16,0,0,5,29,13,16,0.5517241379310345
2024.1,,noturno,SBC,2022,,1,0,3,0,13,5,19,0,7,40,16,24,0.6
2024.1,,noturno,SA,2022,,1,8,2,5,2,12,11,0,4,40,17,23,0.575
2024.1,,noturno,SBC,2022,,1,0,2,14,7,17,0,0,2,40,23,17,0.425
2024.1,,noturno,SA,2022,,1,12,13,11,0,3,6,0,3,45,36,9,0.2
2024.1,,noturno,SA,2022,,1,5,22,15,0,4,0,0,5,46,42,4,0.08695652173913043
2024.1,,noturno,SA,2022,,1,4,9,11,8,7,1,0,1,40,32,8,0.2
2024.2,,diurno,SA,2022,,0,9,5,5,2,2,1,0,8,24,21,3,0.125
2024.2,,diurno,SBC,2022,,0,3,0,5,6,1,16,0,13,31,14,17,0.5483870967741935
2024.2,,diurno,SA,2022,,0,6,5,3,1,2,4,0,12,21,15,6,0.2857142857142857
2024.2,,diurno,SA,2022,,0,9,5,4,4,3,2,0,3,27,22,5,0.18518518518518517
2024.2,,diurno,SA,2022,,0,6,7,5,4,0,6,0,4,28,22,6,0.21428571428571427
2024.2,,noturno,SA,2022,,0,11,1,3,1,5,5,0,6,26,16,10,0.38461538461538464
2024.2,,noturno,SBC,2022,,0,0,1,3,5,2,22,0,11,33,9,24,0.7272727272727273
2024.2,,noturno,SA,2022,,0,7,5,3,2,0,11,0,3,28,17,11,0.39285714285714285
2024.2,,noturno,SBC,2022,,0,7,5,3,6,16,0,0,5,37,21,16,0.43243243243243246
2024.2,,noturno,SA,2022,,0,5,5,3,4,2,7,0,7,26,17,9,0.34615384615384615
2024.2,,noturno,SA,2022,,0,4,3,7,4,18,0,0,5,36,18,18,0.5
2024.2,,noturno,SA,2022,,0,2,4,6,2,4,10,0,2,28,14,14,0.5
2024.2,,noturno,SBC,2022,,0,0,0,5,5,6,15,0,12,31,10,21,0.6774193548387096
2024.2,,noturno,SA,2022,,0,7,9,4,0,0,9,0,3,29,20,9,0.3103448275862069
2024.2,,noturno,SA,2022,,0,1,1,3,4,22,0,0,1,31,9,22,0.7096774193548387
2025.1,,diurno,SA,2022,,1,2,13,8,0,7,0,0,4,30,23,7,0.23333333333333334
2025.1,,diurno,SBC,2022,,1,26,8,4,0,0,2,0,2,40,38,2,0.05
2025.1,,diurno,SA,2022,,1,3,5,7,2,9,14,0,2,40,17,23,0.575
2025.1,,diurno,SBC,2022,,1,10,6,9,7,3,7,0,4,42,32,10,0.23809523809523808
2025.1,,diurno,SA,2022,,1,21,5,3,0,0,1,0,1,30,29,1,0.03333333333333333
2025.1,,diurno,SBC,2022,,1,2,2,8,5,25,0,0,6,42,17,25,0.5952380952380952
2025.1,,diurno,SA,2022,,1,12,7,6,5,7,7,0,3,44,30,14,0.3181818181818182
2025.1,,diurno,SA,2022,,1,13,5,5,1,4,3,0,2,31,24,7,0.22580645161290322
2025.1,,diurno,SA,2022,,1,25,8,4,6,2,2,0,4,47,43,4,0.0851063829787234
2025.1,,diurno,SA,2022,,1,19,4,4,0,7,4,0,4,38,27,11,0.2894736842105263
2025.1,,diurno,SA,2022,,1,2,1,3,2,17,2,0,4,27,8,19,0.7037037037037037
2025.1,,diurno,SA,2022,,1,2,3,3,4,17,0,0,2,29,12,17,0.5862068965517241
2025.1,,diurno,SA,2022,,1,7,2,5,3,4,8,0,5,29,17,12,0.41379310344827586
2025.1,,diurno,SBC,2022,,1,26,6,3,2,0,2,0,4,39,37,2,0.05128205128205128
2025.1,,diurno,SBC,2022,,1,4,2,9,3,0,6,0,4,24,18,6,0.25
2025.1,,diurno,SA,2022,,1,5,4,7,9,14,5,0,3,44,25,19,0.4318181818181818
2025.1,,diurno,SA,2022,,1,9,3,2,1,4,4,0,12,23,15,8,0.34782608695652173
2025.1,,diurno,SA,2022,,1,11,12,13,7,3,3,0,0,49,43,6,0.12244897959183673
2025.1,,diurno,SA,2022,,1,6,8,10,8,5,3,0,1,40,32,8,0.2
2025.1,,diurno,SBC,2022,,1,8,6,9,3,1,4,0,7,31,26,5,0.16129032258064516
2025.1,,noturno,SA,2022,,1,6,5,7,3,9,0,0,1,30,21,9,0.3
2025.1,,noturno,SA,2022,,1,7,4,5,4,7,4,0,1,31,20,11,0.3548387096774194
2025.1,,noturno,SA,2022,,1,6,6,7,2,0,10,0,1,31,21,10,0.3225806451612903
2025.1,,noturno,SBC,2022,,1,4,2,1,6,30,0,0,2,43,13,30,0.6976744186046512
2025.1,,noturno,SA,2022,,1,2,6,9,13,5,3,0,3,38,30,8,0.21052631578947367
2025.1,,noturno,SBC,2022,,1,3,4,2,7,5,16,0,9,37,16,21,0.5675675675675675
2025.1,,noturno,SA,2022,,1,8,8,3,2,9,0,0,0,30,21,9,0.3
2025.1,,noturno,SA,2022,,1,8,12,6,4,7,7,0,3,44,30,14,0.3181818181818182
2025.1,,noturno,SA,2022,,1,23,3,2,1,2,0,0,1,31,29,2,0.06451612903225806
2025.1,,noturno,SA,2022,,1,3,1,5,6,33,0,0,3,48,15,33,0.6875
2025.1,,noturno,SA,2022,,1,4,4,11,6,5,8,0,7,38,25,13,0.34210526315789475
2025.1,,noturno,SA,2022,,1,1,1,4,2,8,12,0,6,28,8,20,0.7142857142857143
2025.1,,noturno,SA,2022,,1,2,8,4,4,12,0,0,3,30,18,12,0.4
2025.1,,noturno,SA,2022,,1,12,2,4,2,1,9,0,5,30,20,10,0.3333333333333333
2025.1,,noturno,SBC,2022,,1,9,1,2,4,26,0,0,1,42,16,26,0.6190476190476191
2025.1,,noturno,SBC,2022,,1,2,1,3,9,8,19,0,3,42,15,27,0.6428571428571429
2025.1,,noturno,SA,2022,,1,10,3,6,2,9,0,0,2,30,21,9,0.3
2025.1,,noturno,SA,2022,,1,17,16,4,4,4,0,0,2,45,41,4,0.08888888888888889
2025.1,,noturno,SA,2022,,1,4,4,5,5,11,0,0,5,29,18,11,0.3793103448275862
2025.1,,noturno,SA,2022,,1,0,3,2,5,29,0,0,9,39,10,29,0.7435897435897436
2025.1,,noturno,SA,2022,,1,2,6,12,1,6,8,0,10,35,21,14,0.4
2025.2,,diurno,SBC,2022,,0,3,2,1,2,4,13,0,7,25,8,17,0.68
2025.2,,diurno,SA,2022,,0,9,6,5,0,0,8,0,2,28,20,8,0.2857142857142857
2025.2,,diurno,SA,2022,,0,2,2,14,7,0,3,0,8,28,25,3,0.10714285714285714
2025.2,,diurno,SBC,2022,,0,4,5,6,2,1,4,0,0,22,17,5,0.22727272727272727
2025.2,,diurno,SA,2022,,0,1,4,6,1,0,13,0,13,25,12,13,0.52
2025.2,,noturno,SA,2022,,0,17,1,1,2,8,0,0,5,29,21,8,0.27586206896551724
2025.2,,noturno,SBC,2022,,0,14,4,11,5,3,3,0,4,40,34,6,0.15
2025.2,,noturno,SA,2022,,0,13,4,5,1,1,4,0,3,28,23,5,0.17857142857142858
2025.2,,noturno,SBC,2022,,0,4,5,5,1,26,0,0,5,41,15,26,0.6341463414634146
2025.2,,noturno,SA,2022,,0,1,0,2,1,5,19,0,5,28,4,24,0.8571428571428571
2025.2,,noturno,SA,2022,,0,6,3,2,0,11,6,0,4,28,11,17,0.6071428571428571
2025.2,,noturno,SA,2022,,0,15,4,0,2,6,0,0,3,27,21,6,0.2222222222222222
2025.2,,noturno,SBC,2022,,0,3,4,9,4,8,11,0,4,39,20,19,0.48717948717948717
2025.2,,noturno,SA,2022,,0,17,4,1,0,4,6,0,0,32,22,10,0.3125
2025.2,,noturno,SBC,2022,,0,8,2,1,0,29,0,0,3,40,11,29,0.725
2025.2,,noturno,SA,2022,,0,7,4,2,3,4,10,0,1,30,16,14,0.4666666666666667
2026.1,,diurno,SA,2022,,1,6,6,9,3,4,0,0,4,28,24,4,0.14285714285714285
2026.1,,diurno,SA,2022,,1,4,5,5,5,8,2,0,1,29,19,10,0.3448275862068966
2026.1,,diurno,SA,2022,,1,7,5,4,5,6,4,0,3,31,21,10,0.3225806451612903
2026.1,,diurno,SBC,2022,,1,3,1,7,6,9,8,0,8,34,17,17,0.5
2026.1,,diurno,SA,2022,,1,21,6,6,1,0,2,0,4,36,34,2,0.05555555555555555
2026.1,,diurno,SBC,2022,,1,4,2,5,1,3,5,0,4,20,12,8,0.4
2026.1,,diurno,SA,2022,,1,6,11,5,5,0,3,0,1,30,27,3,0.1
2026.1,,diurno,SBC,2022,,1,27,9,0,0,0,5,0,5,41,36,5,0.12195121951219512
2026.1,B1,diurno,SA,2022,,1,14,9,4,4,10,2,0,3,43,31,12,0.27906976744186046
2026.1,,diurno,SBC,2022,,1,5,10,12,8,5,0,0,4,40,35,5,0.125
2026.1,,diurno,SA,2022,,1,9,3,4,1,6,8,0,2,31,17,14,0.45161290322580644
2026.1,,diurno,SA,2022,,1,15,13,8,4,3,1,0,6,44,40,4,0.09090909090909091
2026.1,,diurno,SA,2022,,1,10,8,3,6,6,3,0,4,36,27,9,0.25
2026.1,,diurno,SA,2022,,1,2,2,1,3,17,3,0,4,28,8,20,0.7142857142857143
2026.1,,diurno,SA,2022,,1,1,1,4,11,6,3,0,5,26,17,9,0.34615384615384615
2026.1,,diurno,SA,2022,,1,7,8,4,3,10,4,0,5,36,22,14,0.3888888888888889
2026.1,,diurno,SBC,2022,,1,5,2,3,8,5,10,0,8,33,18,15,0.45454545454545453
2026.1,,diurno,SA,2022,,1,30,3,4,3,2,4,0,2,46,40,6,0.13043478260869565
2026.1,,diurno,SA,2022,,1,15,6,7,2,3,3,0,5,36,30,6,0.16666666666666666
2026.1,,noturno,SA,2022,,1,16,6,5,0,3,0,0,4,30,27,3,0.1
2026.1,C1,noturno,SBC,2022,,1,0,0,0,7,15,16,0,5,38,7,31,0.8157894736842105
2026.1,,noturno,SA,2022,,1,20,6,5,3,1,5,0,4,40,34,6,0.15
2026.1,,noturno,SBC,2022,,1,12,3,4,3,20,0,0,0,42,22,20,0.47619047619047616
2026.1,,noturno,SA,2022,,1,14,9,3,2,2,0,0,0,30,28,2,0.06666666666666667
2026.1,,noturno,SBC,2022,,1,1,0,14,17,7,3,0,4,42,32,10,0.23809523809523808
2026.1,,noturno,SA,2022,,1,25,4,5,2,3,3,0,4,42,36,6,0.14285714285714285
2026.1,,noturno,SBC,2022,,1,3,3,11,6,19,0,0,3,42,23,19,0.4523809523809524
2026.1,,noturno,SA,2022,,1,19,5,3,1,3,1,0,0,32,28,4,0.125
2026.1,,noturno,SA,2022,,1,11,10,5,4,10,5,0,4,45,30,15,0.3333333333333333
2026.1,,noturno,SA,2022,,1,3,13,11,3,2,6,0,6,38,30,8,0.21052631578947367
2026.1,,noturno,SA,2022,,1,4,1,3,4,12,5,0,2,29,12,17,0.5862068965517241
2026.1,,noturno,SA,2022,,1,12,6,5,7,8,0,0,3,38,30,8,0.21052631578947367
2026.1,,noturno,SBC,2022,,1,1,2,5,3,30,0,0,3,41,11,30,0.7317073170731707
2026.1,,noturno,SA,2022,,1,20,7,4,1,5,6,0,3,43,32,11,0.2558139534883721
2026.1,C2,noturno,SBC,2022,,1,0,0,3,3,14,20,0,7,40,6,34,0.85
2026.1,,noturno,SA,2022,,1,8,12,2,3,5,0,0,3,30,25,5,0.16666666666666666
2026.1,,noturno,SA,2022,,1,6,5,11,6,8,10,0,7,46,28,18,0.391304347826087
2026.1,,noturno,SA,2022,,1,17,6,7,2,3,4,0,3,39,32,7,0.1794871794871795
2026.1,,noturno,SA,2022,,1,6,10,5,2,6,0,0,5,29,23,6,0.20689655172413793
2026.1,,noturno,SA,2022,,1,23,0,2,0,3,0,0,3,28,25,3,0.10714285714285714
2026.2,,diurno,SBC,2022,,0,7,1,3,1,14,8,0,1,34,12,22,0.6470588235294118
2026.2,,diurno,SA,2022,,0,12,7,2,8,13,6,0,4,48,29,19,0.3958333333333333
2026.2,,noturno,SBC,2022,,0,0,2,2,1,9,27,0,9,41,5,36,0.8780487804878049
2026.2,,noturno,SA,2022,,0,18,0,10,4,6,8,0,2,46,32,14,0.30434782608695654
2026.2,,noturno,SA,2022,,0,6,7,9,4,16,0,0,4,42,26,16,0.38095238095238093
2026.2,,noturno,SA,2022,,0,3,0,1,2,25,0,0,5,31,6,25,0.8064516129032258
2026.2,,noturno,SBC,2022,,0,0,0,3,4,7,27,1,7,41,7,34,0.8292682926829268
2026.2,,noturno,SA,2022,,0,13,0,12,0,13,10,0,1,48,25,23,0.4791666666666667
2026.2,,noturno,SA,2022,,0,10,1,6,5,16,0,0,3,38,22,16,0.42105263157894735
